1;1;Tailspin Toys (Head Office);Novelty Shop;Tailspin Toys;Standard
2;2;Tailspin Toys (Sylvanite, MT);Novelty Shop;Tailspin Toys;Standard
3;3;Tailspin Toys (Peeples Valley, AZ);Novelty Shop;Tailspin Toys;Standard
4;4;Tailspin Toys (Medicine Lodge, KS);Novelty Shop;Tailspin Toys;Standard
5;5;Tailspin Toys (Gasport, NY);Novelty Shop;Tailspin Toys;Standard
6;6;Tailspin Toys (Jessie, ND);Novelty Shop;Tailspin Toys;Standard
7;7;Tailspin Toys (Frankewing, TN);Novelty Shop;Tailspin Toys;Standard
8;8;Tailspin Toys (Bow Mar, CO);Novelty Shop;Tailspin Toys;Standard
9;9;Tailspin Toys (Netcong, NJ);Novelty Shop;Tailspin Toys;Standard
10;10;Tailspin Toys (Wimbledon, ND);Novelty Shop;Tailspin Toys;Standard
11;11;Tailspin Toys (Devault, PA);Novelty Shop;Tailspin Toys;Standard
12;12;Tailspin Toys (Biscay, MN);Novelty Shop;Tailspin Toys;Standard
13;13;Tailspin Toys (Stonefort, IL);Novelty Shop;Tailspin Toys;Standard
14;14;Tailspin Toys (Long Meadow, MD);Novelty Shop;Tailspin Toys;Standard
15;15;Tailspin Toys (Batson, TX);Novelty Shop;Tailspin Toys;Standard
16;16;Tailspin Toys (Coney Island, MO);Novelty Shop;Tailspin Toys;Standard
17;17;Tailspin Toys (East Fultonham, OH);Novelty Shop;Tailspin Toys;Standard
18;18;Tailspin Toys (Goffstown, NH);Novelty Shop;Tailspin Toys;Standard
19;19;Tailspin Toys (Lemeta, AK);Novelty Shop;Tailspin Toys;Standard
20;20;Tailspin Toys (College Place, WA);Novelty Shop;Tailspin Toys;Standard
21;21;Tailspin Toys (Tresckow, PA);Novelty Shop;Tailspin Toys;Standard
22;22;Tailspin Toys (Ward Ridge, FL);Novelty Shop;Tailspin Toys;Standard
23;23;Tailspin Toys (Ikatan, AK);Novelty Shop;Tailspin Toys;Standard
24;24;Tailspin Toys (Dundarrach, NC);Novelty Shop;Tailspin Toys;Standard
25;25;Tailspin Toys (Avenal, CA);Novelty Shop;Tailspin Toys;Standard
26;26;Tailspin Toys (Hedrick, IA);Novelty Shop;Tailspin Toys;Standard
27;27;Tailspin Toys (Bowlus, MN);Novelty Shop;Tailspin Toys;Standard
28;28;Tailspin Toys (North Ridge, NY);Novelty Shop;Tailspin Toys;Standard
29;29;Tailspin Toys (Eulaton, AL);Novelty Shop;Tailspin Toys;Standard
30;30;Tailspin Toys (Koontzville, WA);Novelty Shop;Tailspin Toys;Standard
31;31;Tailspin Toys (Lake Stevens, WA);Novelty Shop;Tailspin Toys;Standard
32;32;Tailspin Toys (Maypearl, TX);Novelty Shop;Tailspin Toys;Standard
33;33;Tailspin Toys (Boyden Arbor, SC);Novelty Shop;Tailspin Toys;Standard
34;34;Tailspin Toys (Dallardsville, TX);Novelty Shop;Tailspin Toys;Standard
35;35;Tailspin Toys (Slanesville, WV);Novelty Shop;Tailspin Toys;Standard
36;36;Tailspin Toys (Ekron, KY);Novelty Shop;Tailspin Toys;Standard
37;37;Tailspin Toys (Kerby, OR);Novelty Shop;Tailspin Toys;Standard
38;38;Tailspin Toys (Airport Drive, MO);Novelty Shop;Tailspin Toys;Standard
39;39;Tailspin Toys (Diablock, KY);Novelty Shop;Tailspin Toys;Standard
40;40;Tailspin Toys (Impact, TX);Novelty Shop;Tailspin Toys;Standard
41;41;Tailspin Toys (Olivette, MO);Novelty Shop;Tailspin Toys;Standard
42;42;Tailspin Toys (Arietta, NY);Novelty Shop;Tailspin Toys;Standard
43;43;Tailspin Toys (Upper Preston, WA);Novelty Shop;Tailspin Toys;Standard
44;44;Tailspin Toys (Amanda Park, WA);Novelty Shop;Tailspin Toys;Standard
45;45;Tailspin Toys (Severna Park, MD);Novelty Shop;Tailspin Toys;Standard
46;46;Tailspin Toys (Jemison, AL);Novelty Shop;Tailspin Toys;Standard
47;47;Tailspin Toys (Lake Hughes, CA);Novelty Shop;Tailspin Toys;Standard
48;48;Tailspin Toys (Trentwood, WA);Novelty Shop;Tailspin Toys;Standard
49;49;Tailspin Toys (Muir, MI);Novelty Shop;Tailspin Toys;Standard
50;50;Tailspin Toys (Hambleton, WV);Novelty Shop;Tailspin Toys;Standard
51;51;Tailspin Toys (Imlaystown, NJ);Novelty Shop;Tailspin Toys;Standard
52;52;Tailspin Toys (Idria, CA);Novelty Shop;Tailspin Toys;Standard
53;53;Tailspin Toys (Nanafalia, AL);Novelty Shop;Tailspin Toys;Standard
54;54;Tailspin Toys (Railroad, PA);Novelty Shop;Tailspin Toys;Standard
55;55;Tailspin Toys (Gum Branch, GA);Novelty Shop;Tailspin Toys;Standard
56;56;Tailspin Toys (Royal City, WA);Novelty Shop;Tailspin Toys;Standard
57;57;Tailspin Toys (Lakemore, OH);Novelty Shop;Tailspin Toys;Standard
58;58;Tailspin Toys (Mappsburg, VA);Novelty Shop;Tailspin Toys;Standard
59;59;Tailspin Toys (Edgartown, MA);Novelty Shop;Tailspin Toys;Standard
60;60;Tailspin Toys (East Dailey, WV);Novelty Shop;Tailspin Toys;Standard
61;61;Tailspin Toys (Fairfield Glade, TN);Novelty Shop;Tailspin Toys;Standard
62;62;Tailspin Toys (Great Neck Estates, NY);Novelty Shop;Tailspin Toys;Standard
63;63;Tailspin Toys (Stallion Springs, CA);Novelty Shop;Tailspin Toys;Standard
64;64;Tailspin Toys (Hodgdon, ME);Novelty Shop;Tailspin Toys;Standard
65;65;Tailspin Toys (North Cowden, TX);Novelty Shop;Tailspin Toys;Standard
66;66;Tailspin Toys (Madaket, MA);Novelty Shop;Tailspin Toys;Standard
67;67;Tailspin Toys (Sentinel Butte, ND);Novelty Shop;Tailspin Toys;Standard
68;68;Tailspin Toys (Gardere, LA);Novelty Shop;Tailspin Toys;Standard
69;69;Tailspin Toys (Lytle Creek, CA);Novelty Shop;Tailspin Toys;Standard
70;70;Tailspin Toys (New Baden, IL);Novelty Shop;Tailspin Toys;Standard
71;71;Tailspin Toys (Good Hart, MI);Novelty Shop;Tailspin Toys;Standard
72;72;Tailspin Toys (Cortaro, AZ);Novelty Shop;Tailspin Toys;Standard
73;73;Tailspin Toys (Cokato, MN);Novelty Shop;Tailspin Toys;Standard
74;74;Tailspin Toys (Indios, PR);Novelty Shop;Tailspin Toys;Standard
75;75;Tailspin Toys (Windsor Locks, CT);Novelty Shop;Tailspin Toys;Standard
76;76;Tailspin Toys (Yewed, OK);Novelty Shop;Tailspin Toys;Standard
77;77;Tailspin Toys (Hahira, GA);Novelty Shop;Tailspin Toys;Standard
78;78;Tailspin Toys (Sekiu, WA);Novelty Shop;Tailspin Toys;Standard
79;79;Tailspin Toys (Page City, KS);Novelty Shop;Tailspin Toys;Standard
80;80;Tailspin Toys (Valdese, NC);Novelty Shop;Tailspin Toys;Standard
81;81;Tailspin Toys (Big Moose, NY);Novelty Shop;Tailspin Toys;Standard
82;82;Tailspin Toys (La Cueva, NM);Novelty Shop;Tailspin Toys;Standard
83;83;Tailspin Toys (Absecon, NJ);Novelty Shop;Tailspin Toys;Standard
84;84;Tailspin Toys (Aceitunas, PR);Novelty Shop;Tailspin Toys;Standard
85;85;Tailspin Toys (Andrix, CO);Novelty Shop;Tailspin Toys;Standard
86;86;Tailspin Toys (New Lexington, OH);Novelty Shop;Tailspin Toys;Standard
87;87;Tailspin Toys (Sauquoit, NY);Novelty Shop;Tailspin Toys;Standard
88;88;Tailspin Toys (Dracut, MA);Novelty Shop;Tailspin Toys;Standard
89;89;Tailspin Toys (Victory Gardens, NJ);Novelty Shop;Tailspin Toys;Standard
90;90;Tailspin Toys (Tolna, ND);Novelty Shop;Tailspin Toys;Standard
91;91;Tailspin Toys (Alstead, NH);Novelty Shop;Tailspin Toys;Standard
92;92;Tailspin Toys (Sans Souci, SC);Novelty Shop;Tailspin Toys;Standard
93;93;Tailspin Toys (Clewiston, FL);Novelty Shop;Tailspin Toys;Standard
94;94;Tailspin Toys (Cheyenne Wells, CO);Novelty Shop;Tailspin Toys;Standard
95;95;Tailspin Toys (Lavon, TX);Novelty Shop;Tailspin Toys;Standard
96;96;Tailspin Toys (South La Paloma, TX);Novelty Shop;Tailspin Toys;Standard
97;97;Tailspin Toys (Manchester Center, VT);Novelty Shop;Tailspin Toys;Standard
98;98;Tailspin Toys (El Centro, CA);Novelty Shop;Tailspin Toys;Standard
99;99;Tailspin Toys (Guin, AL);Novelty Shop;Tailspin Toys;Standard
100;100;Tailspin Toys (Tunnelhill, PA);Novelty Shop;Tailspin Toys;Standard
101;101;Tailspin Toys (Cundiyo, NM);Novelty Shop;Tailspin Toys;Standard
102;102;Tailspin Toys (Fieldbrook, CA);Novelty Shop;Tailspin Toys;Standard
103;103;Tailspin Toys (Kalvesta, KS);Novelty Shop;Tailspin Toys;Standard
104;104;Tailspin Toys (Wallagrass, ME);Novelty Shop;Tailspin Toys;Standard
105;105;Tailspin Toys (Tomnolen, MS);Novelty Shop;Tailspin Toys;Standard
106;106;Tailspin Toys (Tumacacori, AZ);Novelty Shop;Tailspin Toys;Standard
107;107;Tailspin Toys (Glen Avon, CA);Novelty Shop;Tailspin Toys;Standard
108;108;Tailspin Toys (Bernie, MO);Novelty Shop;Tailspin Toys;Standard
109;109;Tailspin Toys (South Laguna, CA);Novelty Shop;Tailspin Toys;Standard
110;110;Tailspin Toys (North Crows Nest, IN);Novelty Shop;Tailspin Toys;Standard
111;111;Tailspin Toys (Oriole Beach, FL);Novelty Shop;Tailspin Toys;Standard
112;112;Tailspin Toys (Sallyards, KS);Novelty Shop;Tailspin Toys;Standard
113;113;Tailspin Toys (Dahlia, NM);Novelty Shop;Tailspin Toys;Standard
114;114;Tailspin Toys (Cherry Grove Beach, SC);Novelty Shop;Tailspin Toys;Standard
115;115;Tailspin Toys (Bethania, NC);Novelty Shop;Tailspin Toys;Standard
116;116;Tailspin Toys (Rafael Capó, PR);Novelty Shop;Tailspin Toys;Standard
117;117;Tailspin Toys (Scofield, UT);Novelty Shop;Tailspin Toys;Standard
118;118;Tailspin Toys (Vassalboro, ME);Novelty Shop;Tailspin Toys;Standard
119;119;Tailspin Toys (Statenville, GA);Novelty Shop;Tailspin Toys;Standard
120;120;Tailspin Toys (Bratenahl, OH);Novelty Shop;Tailspin Toys;Standard
121;121;Tailspin Toys (Elrosa, MN);Novelty Shop;Tailspin Toys;Standard
122;122;Tailspin Toys (McClave, CO);Novelty Shop;Tailspin Toys;Standard
123;123;Tailspin Toys (Roe Park, NY);Novelty Shop;Tailspin Toys;Standard
124;124;Tailspin Toys (Hanoverton, OH);Novelty Shop;Tailspin Toys;Standard
125;125;Tailspin Toys (Annamoriah, WV);Novelty Shop;Tailspin Toys;Standard
126;126;Tailspin Toys (Francis Mills, NJ);Novelty Shop;Tailspin Toys;Standard
127;127;Tailspin Toys (Point Roberts, WA);Novelty Shop;Tailspin Toys;Standard
128;128;Tailspin Toys (East Portal, CO);Novelty Shop;Tailspin Toys;Standard
129;129;Tailspin Toys (Mineral Hills, MI);Novelty Shop;Tailspin Toys;Standard
130;130;Tailspin Toys (Maple Shade, NJ);Novelty Shop;Tailspin Toys;Standard
131;131;Tailspin Toys (Kwethluk, AK);Novelty Shop;Tailspin Toys;Standard
132;132;Tailspin Toys (Minidoka, ID);Novelty Shop;Tailspin Toys;Standard
133;133;Tailspin Toys (Lake Erie Beach, NY);Novelty Shop;Tailspin Toys;Standard
134;134;Tailspin Toys (Tavares, FL);Novelty Shop;Tailspin Toys;Standard
135;135;Tailspin Toys (Terre du Lac, MO);Novelty Shop;Tailspin Toys;Standard
136;136;Tailspin Toys (Mount Montgomery, NV);Novelty Shop;Tailspin Toys;Standard
137;137;Tailspin Toys (Carbonville, UT);Novelty Shop;Tailspin Toys;Standard
138;138;Tailspin Toys (Navassa, NC);Novelty Shop;Tailspin Toys;Standard
139;139;Tailspin Toys (Hardeeville, SC);Novelty Shop;Tailspin Toys;Standard
140;140;Tailspin Toys (Furley, KS);Novelty Shop;Tailspin Toys;Standard
141;141;Tailspin Toys (Arrow Rock, MO);Novelty Shop;Tailspin Toys;Standard
142;142;Tailspin Toys (King Cove, AK);Novelty Shop;Tailspin Toys;Standard
143;143;Tailspin Toys (Ashtabula, OH);Novelty Shop;Tailspin Toys;Standard
144;144;Tailspin Toys (Larose, LA);Novelty Shop;Tailspin Toys;Standard
145;145;Tailspin Toys (Manahawkin, NJ);Novelty Shop;Tailspin Toys;Standard
146;146;Tailspin Toys (Belgreen, AL);Novelty Shop;Tailspin Toys;Standard
147;147;Tailspin Toys (Fishtail, MT);Novelty Shop;Tailspin Toys;Standard
148;148;Tailspin Toys (Baraboo, WI);Novelty Shop;Tailspin Toys;Standard
149;149;Tailspin Toys (Inguadona, MN);Novelty Shop;Tailspin Toys;Standard
150;150;Tailspin Toys (Corfu, NY);Novelty Shop;Tailspin Toys;Standard
151;151;Tailspin Toys (Antares, AZ);Novelty Shop;Tailspin Toys;Standard
152;152;Tailspin Toys (Sun River, MT);Novelty Shop;Tailspin Toys;Standard
153;153;Tailspin Toys (Marcell, MN);Novelty Shop;Tailspin Toys;Standard
154;154;Tailspin Toys (Eden Valley, MN);Novelty Shop;Tailspin Toys;Standard
155;155;Tailspin Toys (Arbor Vitae, WI);Novelty Shop;Tailspin Toys;Standard
156;156;Tailspin Toys (Hollywood Park, TX);Novelty Shop;Tailspin Toys;Standard
157;157;Tailspin Toys (Saks, AL);Novelty Shop;Tailspin Toys;Standard
158;158;Tailspin Toys (Donner, LA);Novelty Shop;Tailspin Toys;Standard
159;159;Tailspin Toys (Saint Louis Park, MN);Novelty Shop;Tailspin Toys;Standard
160;160;Tailspin Toys (Crary, ND);Novelty Shop;Tailspin Toys;Standard
161;161;Tailspin Toys (Aspen Park, CO);Novelty Shop;Tailspin Toys;Standard
162;162;Tailspin Toys (Glen Park, NY);Novelty Shop;Tailspin Toys;Standard
163;163;Tailspin Toys (Panaca, NV);Novelty Shop;Tailspin Toys;Standard
164;164;Tailspin Toys (Rothsville, PA);Novelty Shop;Tailspin Toys;Standard
165;165;Tailspin Toys (Topstone, CT);Novelty Shop;Tailspin Toys;Standard
166;166;Tailspin Toys (McCamey, TX);Novelty Shop;Tailspin Toys;Standard
167;167;Tailspin Toys (Rockwall, TX);Novelty Shop;Tailspin Toys;Standard
168;168;Tailspin Toys (Seagraves, TX);Novelty Shop;Tailspin Toys;Standard
169;169;Tailspin Toys (Sinclair, WY);Novelty Shop;Tailspin Toys;Standard
170;170;Tailspin Toys (Eastchester, NY);Novelty Shop;Tailspin Toys;Standard
171;171;Tailspin Toys (Ortley Beach, NJ);Novelty Shop;Tailspin Toys;Standard
172;172;Tailspin Toys (Madrone, NM);Novelty Shop;Tailspin Toys;Standard
173;173;Tailspin Toys (Wappingers Falls, NY);Novelty Shop;Tailspin Toys;Standard
174;174;Tailspin Toys (Astor Park, FL);Novelty Shop;Tailspin Toys;Standard
175;175;Tailspin Toys (San Acacia, NM);Novelty Shop;Tailspin Toys;Standard
176;176;Tailspin Toys (Malott, WA);Novelty Shop;Tailspin Toys;Standard
177;177;Tailspin Toys (Orrtanna, PA);Novelty Shop;Tailspin Toys;Standard
178;178;Tailspin Toys (Armstrong Creek, WI);Novelty Shop;Tailspin Toys;Standard
179;179;Tailspin Toys (Hiteman, IA);Novelty Shop;Tailspin Toys;Standard
180;180;Tailspin Toys (Caselton, NV);Novelty Shop;Tailspin Toys;Standard
181;181;Tailspin Toys (Heilwood, PA);Novelty Shop;Tailspin Toys;Standard
182;182;Tailspin Toys (Hayes Center, NE);Novelty Shop;Tailspin Toys;Standard
183;183;Tailspin Toys (Tierra Verde, FL);Novelty Shop;Tailspin Toys;Standard
184;184;Tailspin Toys (South Euclid, OH);Novelty Shop;Tailspin Toys;Standard
185;185;Tailspin Toys (Vidrine, LA);Novelty Shop;Tailspin Toys;Standard
186;186;Tailspin Toys (Placer, OR);Novelty Shop;Tailspin Toys;Standard
187;187;Tailspin Toys (Brown City, MI);Novelty Shop;Tailspin Toys;Standard
188;188;Tailspin Toys (Premont, TX);Novelty Shop;Tailspin Toys;Standard
189;189;Tailspin Toys (Wilkes-Barre, PA);Novelty Shop;Tailspin Toys;Standard
190;190;Tailspin Toys (Teutopolis, IL);Novelty Shop;Tailspin Toys;Standard
191;191;Tailspin Toys (Orchard Hill, GA);Novelty Shop;Tailspin Toys;Standard
192;192;Tailspin Toys (Optimo, NM);Novelty Shop;Tailspin Toys;Standard
193;193;Tailspin Toys (Knifley, KY);Novelty Shop;Tailspin Toys;Standard
194;194;Tailspin Toys (Naples Park, FL);Novelty Shop;Tailspin Toys;Standard
195;195;Tailspin Toys (Lesslie, SC);Novelty Shop;Tailspin Toys;Standard
196;196;Tailspin Toys (Howells, NE);Novelty Shop;Tailspin Toys;Standard
197;197;Tailspin Toys (Magalia, CA);Novelty Shop;Tailspin Toys;Standard
198;198;Tailspin Toys (Buell, MO);Novelty Shop;Tailspin Toys;Standard
199;199;Tailspin Toys (Antonito, CO);Novelty Shop;Tailspin Toys;Standard
200;200;Tailspin Toys (Tooele, UT);Novelty Shop;Tailspin Toys;Standard
201;201;Tailspin Toys (Skyway, WA);Novelty Shop;Tailspin Toys;Standard
202;401;Wingtip Toys (Head Office);Novelty Shop;Wingtip Toys;Standard
203;402;Wingtip Toys (Black Lick, PA);Novelty Shop;Wingtip Toys;Standard
204;403;Wingtip Toys (Queen Valley, AZ);Novelty Shop;Wingtip Toys;Standard
205;404;Wingtip Toys (Penns Creek, PA);Novelty Shop;Wingtip Toys;Standard
206;405;Wingtip Toys (Bourbonnais, IL);Novelty Shop;Wingtip Toys;Standard
207;406;Wingtip Toys (Tuscaloosa, AL);Novelty Shop;Wingtip Toys;Standard
208;407;Wingtip Toys (Mooringsport, LA);Novelty Shop;Wingtip Toys;Standard
209;408;Wingtip Toys (Rockwall, TX);Novelty Shop;Wingtip Toys;Standard
210;409;Wingtip Toys (Orick, CA);Novelty Shop;Wingtip Toys;Standard
211;410;Wingtip Toys (Bernstein, TX);Novelty Shop;Wingtip Toys;Standard
212;411;Wingtip Toys (Edmund, WI);Novelty Shop;Wingtip Toys;Standard
213;412;Wingtip Toys (Bozeman Hot Springs, MT);Novelty Shop;Wingtip Toys;Standard
214;413;Wingtip Toys (Truscott, TX);Novelty Shop;Wingtip Toys;Standard
215;414;Wingtip Toys (Rose Tree, PA);Novelty Shop;Wingtip Toys;Standard
216;415;Wingtip Toys (Leathersville, GA);Novelty Shop;Wingtip Toys;Standard
217;416;Wingtip Toys (Necedah, WI);Novelty Shop;Wingtip Toys;Standard
218;417;Wingtip Toys (Chetek, WI);Novelty Shop;Wingtip Toys;Standard
219;418;Wingtip Toys (Yaak, MT);Novelty Shop;Wingtip Toys;Standard
220;419;Wingtip Toys (Compass Lake, FL);Novelty Shop;Wingtip Toys;Standard
221;420;Wingtip Toys (Herlong, CA);Novelty Shop;Wingtip Toys;Standard
222;421;Wingtip Toys (Highland Home, AL);Novelty Shop;Wingtip Toys;Standard
223;422;Wingtip Toys (Naches, WA);Novelty Shop;Wingtip Toys;Standard
224;423;Wingtip Toys (Baldwin City, KS);Novelty Shop;Wingtip Toys;Standard
225;424;Wingtip Toys (Heartwell, NE);Novelty Shop;Wingtip Toys;Standard
226;425;Wingtip Toys (Bethel Acres, OK);Novelty Shop;Wingtip Toys;Standard
227;426;Wingtip Toys (Willow Valley, AZ);Novelty Shop;Wingtip Toys;Standard
228;427;Wingtip Toys (Athol Springs, NY);Novelty Shop;Wingtip Toys;Standard
229;428;Wingtip Toys (Paw Paw Lake, MI);Novelty Shop;Wingtip Toys;Standard
230;429;Wingtip Toys (Lilbourn, MO);Novelty Shop;Wingtip Toys;Standard
231;430;Wingtip Toys (Lost River, ID);Novelty Shop;Wingtip Toys;Standard
232;431;Wingtip Toys (Rosa Sánchez, PR);Novelty Shop;Wingtip Toys;Standard
233;432;Wingtip Toys (Vamo, FL);Novelty Shop;Wingtip Toys;Standard
234;433;Wingtip Toys (Balko, OK);Novelty Shop;Wingtip Toys;Standard
235;434;Wingtip Toys (Lime Lake, NY);Novelty Shop;Wingtip Toys;Standard
236;435;Wingtip Toys (Teutopolis, IL);Novelty Shop;Wingtip Toys;Standard
237;436;Wingtip Toys (Gargatha, VA);Novelty Shop;Wingtip Toys;Standard
238;437;Wingtip Toys (Cadogan, PA);Novelty Shop;Wingtip Toys;Standard
239;438;Wingtip Toys (Lucasville, OH);Novelty Shop;Wingtip Toys;Standard
240;439;Wingtip Toys (Cylon, WI);Novelty Shop;Wingtip Toys;Standard
241;440;Wingtip Toys (Asher, OK);Novelty Shop;Wingtip Toys;Standard
242;441;Wingtip Toys (Keosauqua, IA);Novelty Shop;Wingtip Toys;Standard
243;442;Wingtip Toys (Homer City, PA);Novelty Shop;Wingtip Toys;Standard
244;443;Wingtip Toys (Berville, MI);Novelty Shop;Wingtip Toys;Standard
245;444;Wingtip Toys (Tea, SD);Novelty Shop;Wingtip Toys;Standard
246;445;Wingtip Toys (Dacono, CO);Novelty Shop;Wingtip Toys;Standard
247;446;Wingtip Toys (Saint Landry, LA);Novelty Shop;Wingtip Toys;Standard
248;447;Wingtip Toys (Coin, IA);Novelty Shop;Wingtip Toys;Standard
249;448;Wingtip Toys (Salt Wells, NV);Novelty Shop;Wingtip Toys;Standard
250;449;Wingtip Toys (Delray, WV);Novelty Shop;Wingtip Toys;Standard
251;450;Wingtip Toys (Mount Summit, IN);Novelty Shop;Wingtip Toys;Standard
252;451;Wingtip Toys (Smoot, WY);Novelty Shop;Wingtip Toys;Standard
253;452;Wingtip Toys (Lake Davis, CA);Novelty Shop;Wingtip Toys;Standard
254;453;Wingtip Toys (Stanardsville, VA);Novelty Shop;Wingtip Toys;Standard
255;454;Wingtip Toys (Corcovado, PR);Novelty Shop;Wingtip Toys;Standard
256;455;Wingtip Toys (Taft Heights, CA);Novelty Shop;Wingtip Toys;Standard
257;456;Wingtip Toys (West Hempstead, NY);Novelty Shop;Wingtip Toys;Standard
258;457;Wingtip Toys (Portales, NM);Novelty Shop;Wingtip Toys;Standard
259;458;Wingtip Toys (Coker, AL);Novelty Shop;Wingtip Toys;Standard
260;459;Wingtip Toys (Haydenville, OH);Novelty Shop;Wingtip Toys;Standard
261;460;Wingtip Toys (Mayhill, NM);Novelty Shop;Wingtip Toys;Standard
262;461;Wingtip Toys (Vair, TX);Novelty Shop;Wingtip Toys;Standard
263;462;Wingtip Toys (Crossroads, NM);Novelty Shop;Wingtip Toys;Standard
264;463;Wingtip Toys (Cowlington, OK);Novelty Shop;Wingtip Toys;Standard
265;464;Wingtip Toys (Glen Ullin, ND);Novelty Shop;Wingtip Toys;Standard
266;465;Wingtip Toys (Oologah, OK);Novelty Shop;Wingtip Toys;Standard
267;466;Wingtip Toys (Lytle, TX);Novelty Shop;Wingtip Toys;Standard
268;467;Wingtip Toys (Mahaffey, PA);Novelty Shop;Wingtip Toys;Standard
269;468;Wingtip Toys (Sunburg, MN);Novelty Shop;Wingtip Toys;Standard
270;469;Wingtip Toys (Johnetta, KY);Novelty Shop;Wingtip Toys;Standard
271;470;Wingtip Toys (Universal City, TX);Novelty Shop;Wingtip Toys;Standard
272;471;Wingtip Toys (Ridgemark, CA);Novelty Shop;Wingtip Toys;Standard
273;472;Wingtip Toys (San Jacinto, CA);Novelty Shop;Wingtip Toys;Standard
274;473;Wingtip Toys (Floriston, CA);Novelty Shop;Wingtip Toys;Standard
275;474;Wingtip Toys (Bokeelia, FL);Novelty Shop;Wingtip Toys;Standard
276;475;Wingtip Toys (Cale, AR);Novelty Shop;Wingtip Toys;Standard
277;476;Wingtip Toys (Karthaus, PA);Novelty Shop;Wingtip Toys;Standard
278;477;Wingtip Toys (Glancy, MS);Novelty Shop;Wingtip Toys;Standard
279;478;Wingtip Toys (Stoneboro, PA);Novelty Shop;Wingtip Toys;Standard
280;479;Wingtip Toys (Mier, IN);Novelty Shop;Wingtip Toys;Standard
281;480;Wingtip Toys (Wapinitia, OR);Novelty Shop;Wingtip Toys;Standard
282;481;Wingtip Toys (White Church, MO);Novelty Shop;Wingtip Toys;Standard
283;482;Wingtip Toys (Caton, NY);Novelty Shop;Wingtip Toys;Standard
284;483;Wingtip Toys (Plum Branch, SC);Novelty Shop;Wingtip Toys;Standard
285;484;Wingtip Toys (Mauldin, SC);Novelty Shop;Wingtip Toys;Standard
286;485;Wingtip Toys (Bonner Springs, KS);Novelty Shop;Wingtip Toys;Standard
287;486;Wingtip Toys (Lowellville, OH);Novelty Shop;Wingtip Toys;Standard
288;487;Wingtip Toys (Elverson, PA);Novelty Shop;Wingtip Toys;Standard
289;488;Wingtip Toys (Isabela, PR);Novelty Shop;Wingtip Toys;Standard
290;489;Wingtip Toys (Sayner, WI);Novelty Shop;Wingtip Toys;Standard
291;490;Wingtip Toys (Beals, ME);Novelty Shop;Wingtip Toys;Standard
292;491;Wingtip Toys (Morton Grove, IL);Novelty Shop;Wingtip Toys;Standard
293;492;Wingtip Toys (Birds, IL);Novelty Shop;Wingtip Toys;Standard
294;493;Wingtip Toys (Federalsburg, MD);Novelty Shop;Wingtip Toys;Standard
295;494;Wingtip Toys (Pikeview, CO);Novelty Shop;Wingtip Toys;Standard
296;495;Wingtip Toys (Boalsburg, PA);Novelty Shop;Wingtip Toys;Standard
297;496;Wingtip Toys (Port Hueneme, CA);Novelty Shop;Wingtip Toys;Standard
298;497;Wingtip Toys (Verdery, SC);Novelty Shop;Wingtip Toys;Standard
299;498;Wingtip Toys (Obetz, OH);Novelty Shop;Wingtip Toys;Standard
300;499;Wingtip Toys (East Fultonham, OH);Novelty Shop;Wingtip Toys;Standard
301;500;Wingtip Toys (Obion, TN);Novelty Shop;Wingtip Toys;Standard
302;501;Wingtip Toys (Cavendish, VT);Novelty Shop;Wingtip Toys;Standard
303;502;Wingtip Toys (Miesville, MN);Novelty Shop;Wingtip Toys;Standard
304;503;Wingtip Toys (Valhalla, NC);Novelty Shop;Wingtip Toys;Standard
305;504;Wingtip Toys (Cape Neddick, ME);Novelty Shop;Wingtip Toys;Standard
306;505;Wingtip Toys (Silver Plume, CO);Novelty Shop;Wingtip Toys;Standard
307;506;Wingtip Toys (North Beach Haven, NJ);Novelty Shop;Wingtip Toys;Standard
308;507;Wingtip Toys (Downingtown, PA);Novelty Shop;Wingtip Toys;Standard
309;508;Wingtip Toys (Branson West, MO);Novelty Shop;Wingtip Toys;Standard
310;509;Wingtip Toys (Bergen Park, CO);Novelty Shop;Wingtip Toys;Standard
311;510;Wingtip Toys (Grabill, IN);Novelty Shop;Wingtip Toys;Standard
312;511;Wingtip Toys (North Manitou, MI);Novelty Shop;Wingtip Toys;Standard
313;512;Wingtip Toys (Philip, SD);Novelty Shop;Wingtip Toys;Standard
314;513;Wingtip Toys (Straughn, IN);Novelty Shop;Wingtip Toys;Standard
315;514;Wingtip Toys (Gilford, NH);Novelty Shop;Wingtip Toys;Standard
316;515;Wingtip Toys (Del Valle, TX);Novelty Shop;Wingtip Toys;Standard
317;516;Wingtip Toys (Harkers Island, NC);Novelty Shop;Wingtip Toys;Standard
318;517;Wingtip Toys (Licking, MO);Novelty Shop;Wingtip Toys;Standard
319;518;Wingtip Toys (Raton, NM);Novelty Shop;Wingtip Toys;Standard
320;519;Wingtip Toys (Boynton, OK);Novelty Shop;Wingtip Toys;Standard
321;520;Wingtip Toys (Frenchburg, KY);Novelty Shop;Wingtip Toys;Standard
322;521;Wingtip Toys (Robertsdale, AL);Novelty Shop;Wingtip Toys;Standard
323;522;Wingtip Toys (Dickerson, MD);Novelty Shop;Wingtip Toys;Standard
324;523;Wingtip Toys (Bruceton Mills, WV);Novelty Shop;Wingtip Toys;Standard
325;524;Wingtip Toys (Cloquet, MN);Novelty Shop;Wingtip Toys;Standard
326;525;Wingtip Toys (Claycomo, MO);Novelty Shop;Wingtip Toys;Standard
327;526;Wingtip Toys (Beekmantown, NY);Novelty Shop;Wingtip Toys;Standard
328;527;Wingtip Toys (Islip Terrace, NY);Novelty Shop;Wingtip Toys;Standard
329;528;Wingtip Toys (Rich Creek, VA);Novelty Shop;Wingtip Toys;Standard
330;529;Wingtip Toys (Griswoldville, GA);Novelty Shop;Wingtip Toys;Standard
331;530;Wingtip Toys (East Mountain, TX);Novelty Shop;Wingtip Toys;Standard
332;531;Wingtip Toys (Omer, MI);Novelty Shop;Wingtip Toys;Standard
333;532;Wingtip Toys (Waycross, GA);Novelty Shop;Wingtip Toys;Standard
334;533;Wingtip Toys (Nichols Hills, OK);Novelty Shop;Wingtip Toys;Standard
335;534;Wingtip Toys (Plaquemine, LA);Novelty Shop;Wingtip Toys;Standard
336;535;Wingtip Toys (Triadelphia, WV);Novelty Shop;Wingtip Toys;Standard
337;536;Wingtip Toys (Ferney, SD);Novelty Shop;Wingtip Toys;Standard
338;537;Wingtip Toys (Akhiok, AK);Novelty Shop;Wingtip Toys;Standard
339;538;Wingtip Toys (Deeson, MS);Novelty Shop;Wingtip Toys;Standard
340;539;Wingtip Toys (Nuangola, PA);Novelty Shop;Wingtip Toys;Standard
341;540;Wingtip Toys (Weld, ME);Novelty Shop;Wingtip Toys;Standard
342;541;Wingtip Toys (Mickleton, NJ);Novelty Shop;Wingtip Toys;Standard
343;542;Wingtip Toys (Schererville, IN);Novelty Shop;Wingtip Toys;Standard
344;543;Wingtip Toys (Lexington Heights, MI);Novelty Shop;Wingtip Toys;Standard
345;544;Wingtip Toys (Broomtown, AL);Novelty Shop;Wingtip Toys;Standard
346;545;Wingtip Toys (Jamison, IA);Novelty Shop;Wingtip Toys;Standard
347;546;Wingtip Toys (Key Biscayne, FL);Novelty Shop;Wingtip Toys;Standard
348;547;Wingtip Toys (Chaseley, ND);Novelty Shop;Wingtip Toys;Standard
349;548;Wingtip Toys (Indian Creek, IL);Novelty Shop;Wingtip Toys;Standard
350;549;Wingtip Toys (Lake Ronkonkoma, NY);Novelty Shop;Wingtip Toys;Standard
351;550;Wingtip Toys (Morrison Bluff, AR);Novelty Shop;Wingtip Toys;Standard
352;551;Wingtip Toys (Huntingburg, IN);Novelty Shop;Wingtip Toys;Standard
353;552;Wingtip Toys (Shay, PA);Novelty Shop;Wingtip Toys;Standard
354;553;Wingtip Toys (Helotes, TX);Novelty Shop;Wingtip Toys;Standard
355;554;Wingtip Toys (Hollandsburg, IN);Novelty Shop;Wingtip Toys;Standard
356;555;Wingtip Toys (Liberty Grove, MD);Novelty Shop;Wingtip Toys;Standard
357;556;Wingtip Toys (Morita, TX);Novelty Shop;Wingtip Toys;Standard
358;557;Wingtip Toys (New Laguna, NM);Novelty Shop;Wingtip Toys;Standard
359;558;Wingtip Toys (Bourneville, OH);Novelty Shop;Wingtip Toys;Standard
360;559;Wingtip Toys (Mendoza, TX);Novelty Shop;Wingtip Toys;Standard
361;560;Wingtip Toys (Palmas del Mar, PR);Novelty Shop;Wingtip Toys;Standard
362;561;Wingtip Toys (Marion Junction, AL);Novelty Shop;Wingtip Toys;Standard
363;562;Wingtip Toys (Ware Shoals, SC);Novelty Shop;Wingtip Toys;Standard
364;563;Wingtip Toys (Lostine, OR);Novelty Shop;Wingtip Toys;Standard
365;564;Wingtip Toys (Tilleda, WI);Novelty Shop;Wingtip Toys;Standard
366;565;Wingtip Toys (Wapiti, WY);Novelty Shop;Wingtip Toys;Standard
367;566;Wingtip Toys (Amado, AZ);Novelty Shop;Wingtip Toys;Standard
368;567;Wingtip Toys (Jeromesville, OH);Novelty Shop;Wingtip Toys;Standard
369;568;Wingtip Toys (Ovilla, TX);Novelty Shop;Wingtip Toys;Standard
370;569;Wingtip Toys (West Frostproof, FL);Novelty Shop;Wingtip Toys;Standard
371;570;Wingtip Toys (Flomaton, AL);Novelty Shop;Wingtip Toys;Standard
372;571;Wingtip Toys (Pawlet, VT);Novelty Shop;Wingtip Toys;Standard
373;572;Wingtip Toys (Trout Run, PA);Novelty Shop;Wingtip Toys;Standard
374;573;Wingtip Toys (Marin City, CA);Novelty Shop;Wingtip Toys;Standard
375;574;Wingtip Toys (Molalla, OR);Novelty Shop;Wingtip Toys;Standard
376;575;Wingtip Toys (Trumansburg, NY);Novelty Shop;Wingtip Toys;Standard
377;576;Wingtip Toys (Goodings Grove, IL);Novelty Shop;Wingtip Toys;Standard
378;577;Wingtip Toys (Cherryplain, NY);Novelty Shop;Wingtip Toys;Standard
379;578;Wingtip Toys (Bell Acres, PA);Novelty Shop;Wingtip Toys;Standard
380;579;Wingtip Toys (Connoquenessing, PA);Novelty Shop;Wingtip Toys;Standard
381;580;Wingtip Toys (Sarversville, PA);Novelty Shop;Wingtip Toys;Standard
382;581;Wingtip Toys (Munich, ND);Novelty Shop;Wingtip Toys;Standard
383;582;Wingtip Toys (Montoya, NM);Novelty Shop;Wingtip Toys;Standard
384;583;Wingtip Toys (Knights Landing, CA);Novelty Shop;Wingtip Toys;Standard
385;584;Wingtip Toys (Cache, OK);Novelty Shop;Wingtip Toys;Standard
386;585;Wingtip Toys (Towaco, NJ);Novelty Shop;Wingtip Toys;Standard
387;586;Wingtip Toys (Lynne, FL);Novelty Shop;Wingtip Toys;Standard
388;587;Wingtip Toys (Plata, TX);Novelty Shop;Wingtip Toys;Standard
389;588;Wingtip Toys (Oak Point, TX);Novelty Shop;Wingtip Toys;Standard
390;589;Wingtip Toys (Alcester, SD);Novelty Shop;Wingtip Toys;Standard
391;590;Wingtip Toys (McAdenville, NC);Novelty Shop;Wingtip Toys;Standard
392;591;Wingtip Toys (Idaho City, ID);Novelty Shop;Wingtip Toys;Standard
393;592;Wingtip Toys (Dunkerton, IA);Novelty Shop;Wingtip Toys;Standard
394;593;Wingtip Toys (Cuyamungue, NM);Novelty Shop;Wingtip Toys;Standard
395;594;Wingtip Toys (Marfa, TX);Novelty Shop;Wingtip Toys;Standard
396;595;Wingtip Toys (Accomac, VA);Novelty Shop;Wingtip Toys;Standard
397;596;Wingtip Toys (Cos Cob, CT);Novelty Shop;Wingtip Toys;Standard
398;597;Wingtip Toys (Haycock, AK);Novelty Shop;Wingtip Toys;Standard
399;598;Wingtip Toys (Kapa'a, HI);Novelty Shop;Wingtip Toys;Standard
400;599;Wingtip Toys (Dickworsham, TX);Novelty Shop;Wingtip Toys;Standard
401;600;Wingtip Toys (Caro, MI);Novelty Shop;Wingtip Toys;Standard
402;601;Wingtip Toys (Ruthsburg, MD);Novelty Shop;Wingtip Toys;Standard
403;801;Eric Torres;Corporate;Indépendant;Standard
404;802;Cosmina Vlad;Corporate;Indépendant;Standard
405;803;Bala Dixit;Novelty Shop;Indépendant;Standard
406;804;Aleksandrs Riekstins;Computer Store;Indépendant;Standard
407;805;Ratan Poddar;Novelty Shop;Indépendant;Standard
408;806;Shi Tu;Novelty Shop;Indépendant;Standard
409;807;Gunnar Lohmus;Gift Store;Indépendant;Standard
410;808;Jackson Kolios;Computer Store;Indépendant;Standard
411;809;Madhu Dwivedi;Computer Store;Indépendant;Standard
412;810;Alena Kellnerova;Corporate;Indépendant;Standard
413;811;Surendra Sahu;Novelty Shop;Indépendant;Standard
414;812;Celica Barajas;Supermarket;Indépendant;Standard
415;813;Shyam Poddar;Corporate;Indépendant;Standard
416;814;Johanna Hoornstra;Novelty Shop;Indépendant;Standard
417;815;Libuse Valentova;Novelty Shop;Indépendant;Standard
418;816;Harsha Huq;Gift Store;Indépendant;Standard
419;817;Agrita Kanepa;Supermarket;Indépendant;Standard
420;818;Liia Orav;Novelty Shop;Indépendant;Standard
421;819;Santiago Vera;Computer Store;Indépendant;Standard
422;820;Knut Svensson;Computer Store;Indépendant;Standard
423;821;Kwanjai Saowaluk;Supermarket;Indépendant;Standard
424;822;Suparna Bhattacharya;Supermarket;Indépendant;Standard
425;823;Francisca Laureano;Gift Store;Indépendant;Standard
426;824;Risto Valbe;Supermarket;Indépendant;Standard
427;825;Jayanta Thakur;Gift Store;Indépendant;Standard
428;826;Leila Carvalho;Novelty Shop;Indépendant;Standard
429;827;Crina Grasu;Computer Store;Indépendant;Standard
430;828;Sercan Celik;Gift Store;Indépendant;Standard
431;829;Jack Walker;Supermarket;Indépendant;Standard
432;830;Jana Fialova;Novelty Shop;Indépendant;Standard
433;831;Bhaavan Rai;Corporate;Indépendant;Standard
434;832;Aakriti Byrraju;Supermarket;Indépendant;Standard
435;833;Devraj Rao;Novelty Shop;Indépendant;Standard
436;834;Cong Hoa;Gift Store;Indépendant;Standard
437;835;Dominic Davignon;Supermarket;Indépendant;Standard
438;836;Abel Spirlea;Novelty Shop;Indépendant;Standard
439;837;Anil Sarkar;Supermarket;Indépendant;Standard
440;838;Pavel Bogdanov;Corporate;Indépendant;Standard
441;839;Juan Morse;Novelty Shop;Indépendant;Standard
442;840;Rodrigo Figueiredo;Novelty Shop;Indépendant;Standard
443;841;Camille Authier;Gift Store;Indépendant;Standard
444;842;Biju Deb;Gift Store;Indépendant;Standard
445;843;Marija Justina Pasek;Corporate;Indépendant;Standard
446;844;Durdanah Abbasi;Supermarket;Indépendant;Standard
447;845;Emilie Hrdlickova;Corporate;Indépendant;Standard
448;846;Malorie Bousquet;Gift Store;Indépendant;Standard
449;847;Kristiina Ivanov;Computer Store;Indépendant;Standard
450;848;Alvin Bollinger;Computer Store;Indépendant;Standard
451;849;Sabine Zalite;Supermarket;Indépendant;Standard
452;850;Daakshaayaani Sankaramanchi;Gift Store;Indépendant;Standard
453;851;Ebru Erdogan;Gift Store;Indépendant;Standard
454;852;Bhagavaan Atluri;Supermarket;Indépendant;Standard
455;853;Caterina Pinto;Gift Store;Indépendant;Standard
456;854;Daakshaayaani Kommineni;Novelty Shop;Indépendant;Standard
457;855;Anna Mazzanti;Computer Store;Indépendant;Standard
458;856;Satish Mittal;Corporate;Indépendant;Standard
459;857;Clarissa Manfrin;Gift Store;Indépendant;Standard
460;858;Bimla PrabhupÄda;Novelty Shop;Indépendant;Standard
461;859;Shah Alizadeh;Gift Store;Indépendant;Standard
462;860;Marcela Lucescu;Corporate;Indépendant;Standard
463;861;Amarasimha Vinjamuri;Supermarket;Indépendant;Standard
464;862;Lana Goransson;Supermarket;Indépendant;Standard
465;863;Jakub Lukes;Corporate;Indépendant;Standard
466;864;Mikhail Degtyarev;Computer Store;Indépendant;Standard
467;865;Bijoya Thakur;Gift Store;Indépendant;Standard
468;866;Jay Bhuiyan;Gift Store;Indépendant;Standard
469;867;Jasna Cerkez;Computer Store;Indépendant;Standard
470;868;Laura Sykorova;Novelty Shop;Indépendant;Standard
471;869;Abel Tatarescu;Novelty Shop;Indépendant;Standard
472;870;In-Su Bae;Gift Store;Indépendant;Standard
473;871;Darshana Madhunapantula;Computer Store;Indépendant;Standard
474;872;Katerina Hadrabova;Corporate;Indépendant;Standard
475;873;Hana Hlouskova;Supermarket;Indépendant;Standard
476;874;Daniel Martensson;Novelty Shop;Indépendant;Standard
477;875;Philip Walker;Novelty Shop;Indépendant;Standard
478;876;Marie LeBatelier;Novelty Shop;Indépendant;Standard
479;877;Leyla Siavashi;Gift Store;Indépendant;Standard
480;878;Miriam House;Corporate;Indépendant;Standard
481;879;Jitka Necesana;Computer Store;Indépendant;Standard
482;880;Edmee Glissen;Computer Store;Indépendant;Standard
483;881;Magdalena Michnova;Computer Store;Indépendant;Standard
484;882;Maryann Huddleston;Gift Store;Indépendant;Standard
485;883;Radha Barua;Gift Store;Indépendant;Standard
486;884;Anindya Ghatak;Computer Store;Indépendant;Standard
487;885;Chandrashekhar Dasgupta;Corporate;Indépendant;Standard
488;886;Debbie Molina;Supermarket;Indépendant;Standard
489;887;Baran Jonsson;Supermarket;Indépendant;Standard
490;888;Jai Lamble;Corporate;Indépendant;Standard
491;889;Sointu Savonheimo;Gift Store;Indépendant;Standard
492;890;Olya Izmaylov;Computer Store;Indépendant;Standard
493;891;Taneli Riutta;Supermarket;Indépendant;Standard
494;892;Bahaar Asef zade;Supermarket;Indépendant;Standard
495;893;Leyla Asef zade;Novelty Shop;Indépendant;Standard
496;894;Gabriela Hernandes;Corporate;Indépendant;Standard
497;895;Geza Roman;Corporate;Indépendant;Standard
498;896;Leonardo Folliero;Supermarket;Indépendant;Standard
499;897;Allan Mannik;Corporate;Indépendant;Standard
500;898;Gopalgobinda Sikdar;Computer Store;Indépendant;Standard
501;899;Chin-Sun Chang;Corporate;Indépendant;Standard
502;900;Lilli Sokk;Gift Store;Indépendant;Standard
503;901;Adrian Andreasson;Corporate;Indépendant;Standard
504;902;Kamila Michnova;Supermarket;Indépendant;Standard
505;903;Bing Han;Computer Store;Indépendant;Standard
506;904;Olafs Rozitis;Corporate;Indépendant;Standard
507;905;Sara Huiting;Supermarket;Indépendant;Standard
508;906;Ajitaab Pakalapati;Computer Store;Indépendant;Standard
509;907;Eugen Agafitei;Supermarket;Indépendant;Standard
510;908;Sumati Bhat;Novelty Shop;Indépendant;Standard
511;909;Dena Glissen;Supermarket;Indépendant;Standard
512;910;Elina Kaleja;Gift Store;Indépendant;Standard
513;911;Liidia Lepp;Gift Store;Indépendant;Standard
514;912;Volkan senturk;Computer Store;Indépendant;Standard
515;913;Violetta KlanCisar;Supermarket;Indépendant;Standard
516;914;Chandana Shasthri;Supermarket;Indépendant;Standard
517;915;Ana Florea;Corporate;Indépendant;Standard
518;916;Pinja Jantunen;Gift Store;Indépendant;Standard
519;917;Pari Hosseini;Novelty Shop;Indépendant;Standard
520;918;Isidora Morales;Novelty Shop;Indépendant;Standard
521;919;Kertu Sokk;Computer Store;Indépendant;Standard
522;920;Gayatri Gajula;Computer Store;Indépendant;Standard
523;921;Victoria Lacusta;Supermarket;Indépendant;Standard
524;922;Sumati Chatterjee;Gift Store;Indépendant;Standard
525;923;Tai Bach;Novelty Shop;Indépendant;Standard
526;924;Eva Schulteisz;Novelty Shop;Indépendant;Standard
527;925;Can ozcan;Corporate;Indépendant;Standard
528;926;Richard Friar;Corporate;Indépendant;Standard
529;927;Matyas Sedlar;Novelty Shop;Indépendant;Standard
530;928;Arijit Bhuiyan;Computer Store;Indépendant;Standard
531;929;Vladimir Henzl;Supermarket;Indépendant;Standard
532;930;Shantanu Huq;Gift Store;Indépendant;Standard
533;931;Nada Jovanovic;Corporate;Indépendant;Standard
534;932;Nicolo Cattaneo;Corporate;Indépendant;Standard
535;933;Joel Carrillo;Computer Store;Indépendant;Standard
536;934;Ivan Sepulveda;Novelty Shop;Indépendant;Standard
537;935;Daevasree Samavedam;Corporate;Indépendant;Standard
538;936;Ludmila Smidova;Novelty Shop;Indépendant;Standard
539;937;Manca Hrastovsek;Gift Store;Indépendant;Standard
540;938;Anna Gyarmathi;Novelty Shop;Indépendant;Standard
541;939;Ioana Florea;Supermarket;Indépendant;Standard
542;940;Lorin Astrom;Gift Store;Indépendant;Standard
543;941;Bishwa Chatterjee;Novelty Shop;Indépendant;Standard
544;942;Chaayaadaevi Sonti;Corporate;Indépendant;Standard
545;943;Drazenka Jelic;Novelty Shop;Indépendant;Standard
546;944;Ida Celma;Novelty Shop;Indépendant;Standard
547;945;Hoc Tran;Computer Store;Indépendant;Standard
548;946;David safranek;Supermarket;Indépendant;Standard
549;947;Svetlana Todorovic;Supermarket;Indépendant;Standard
550;948;Richard Zahradnicek;Supermarket;Indépendant;Standard
551;949;Seo-yun Paik;Corporate;Indépendant;Standard
552;950;Emily Whittle;Corporate;Indépendant;Standard
553;951;Eliza Persson;Supermarket;Indépendant;Standard
554;952;Chuan Wattanasin;Novelty Shop;Indépendant;Standard
555;953;Linh Dao;Supermarket;Indépendant;Standard
556;954;Nasrin Omidzadeh;Supermarket;Indépendant;Standard
557;955;Raghu Sandhu;Novelty Shop;Indépendant;Standard
558;956;Nhung Thach;Computer Store;Indépendant;Standard
559;957;Hee-Young Suh;Novelty Shop;Indépendant;Standard
560;958;Valentin Tirlea;Gift Store;Indépendant;Standard
561;959;Dhaatri Chavva;Novelty Shop;Indépendant;Standard
562;960;Edgar Jogi;Computer Store;Indépendant;Standard
563;961;Rani Ganguly;Gift Store;Indépendant;Standard
564;962;Bhagavati Vinjamuri;Supermarket;Indépendant;Standard
565;963;Be Trang;Corporate;Indépendant;Standard
566;964;Ingrida Zeltina;Supermarket;Indépendant;Standard
567;965;Phoung Cu;Corporate;Indépendant;Standard
568;966;Sara Walkky;Supermarket;Indépendant;Standard
569;967;Meera Patel;Gift Store;Indépendant;Standard
570;968;Anca Gogean;Corporate;Indépendant;Standard
571;969;Staffan Persson;Computer Store;Indépendant;Standard
572;970;Isidora Urias;Novelty Shop;Indépendant;Standard
573;971;Dhanishta Mokkapati;Corporate;Indépendant;Standard
574;972;Lakshmi Benipal;Computer Store;Indépendant;Standard
575;973;Kumar Kamei;Novelty Shop;Indépendant;Standard
576;974;Emil Roman;Computer Store;Indépendant;Standard
577;975;Prabodh Nair;Novelty Shop;Indépendant;Standard
578;976;Alinne Matos;Computer Store;Indépendant;Standard
579;977;Mauno Laurila;Novelty Shop;Indépendant;Standard
580;978;Baalaamjali Devulapalli;Supermarket;Indépendant;Standard
581;979;Melani Ravlen;Corporate;Indépendant;Standard
582;980;Om Yadav;Novelty Shop;Indépendant;Standard
583;981;Mahmut ozbek;Gift Store;Indépendant;Standard
584;982;Yves Belisle;Supermarket;Indépendant;Standard
585;983;Sabine Alksne;Supermarket;Indépendant;Standard
586;984;Kamala Nishad;Corporate;Indépendant;Standard
587;985;Roko Ilic;Corporate;Indépendant;Standard
588;986;Neil Farrelly;Novelty Shop;Indépendant;Standard
589;987;Akhil Nadar;Supermarket;Indépendant;Standard
590;988;Maksims Krastins;Gift Store;Indépendant;Standard
591;989;Milinka Zujovic;Gift Store;Indépendant;Standard
592;990;Andris Saulitis;Corporate;Indépendant;Standard
593;991;Valter Viiding;Supermarket;Indépendant;Standard
594;992;Amarakumaar Gadiyaram;Novelty Shop;Indépendant;Standard
595;993;Gasper Havzija;Gift Store;Indépendant;Standard
596;994;Libuse Kuchtova;Supermarket;Indépendant;Standard
597;995;Kumar Naicker;Novelty Shop;Indépendant;Standard
598;996;Laszlo Gardenier;Gift Store;Indépendant;Standard
599;997;Nada Ana Slosar;Supermarket;Indépendant;Standard
600;998;Mahavir Sonkar;Computer Store;Indépendant;Standard
601;999;Kristi Part;Supermarket;Indépendant;Standard
602;1000;Krishnam Allu;Novelty Shop;Indépendant;Standard
603;1001;Dinh Mai;Computer Store;Indépendant;Standard
604;1002;Stefan Selezeanu;Computer Store;Indépendant;Standard
605;1003;Hue Ton;Supermarket;Indépendant;Standard
606;1004;Drishti Bose;Gift Store;Indépendant;Standard
607;1005;Bhadram Kamasamudram;Novelty Shop;Indépendant;Standard
608;1006;Taj Syme;Novelty Shop;Indépendant;Standard
609;1007;Irma Berzina;Corporate;Indépendant;Standard
610;1008;Vedrana Kovacevic;Novelty Shop;Indépendant;Standard
611;1009;Bhagavateeprasaad Malladi;Computer Store;Indépendant;Standard
612;1010;Serdar ozCelik;Supermarket;Indépendant;Standard
613;1011;Rajeev Sandhu;Gift Store;Indépendant;Standard
614;1012;Urve Kasesalu;Corporate;Indépendant;Standard
615;1013;Annette  Hetu;Computer Store;Indépendant;Standard
616;1014;Narendra Tickoo;Novelty Shop;Indépendant;Standard
617;1015;Isa Hulsegge;Computer Store;Indépendant;Standard
618;1016;Aive Petrov;Supermarket;Indépendant;Standard
619;1017;"David Novacek ";Gift Store;Indépendant;Standard
620;1018;Nils Kaulins;Computer Store;Indépendant;Standard
621;1019;Dhanishta Pullela;Novelty Shop;Indépendant;Standard
622;1020;Hai Banh;Computer Store;Indépendant;Standard
623;1021;Fabrice Cloutier;Supermarket;Indépendant;Standard
624;1022;Nadir Seddigh;Computer Store;Indépendant;Standard
625;1023;Farzana Habibi;Corporate;Indépendant;Standard
626;1024;Arka Chatterjee;Supermarket;Indépendant;Standard
627;1025;Tuulikki Linna;Gift Store;Indépendant;Standard
628;1026;Daniella Cavalcante;Computer Store;Indépendant;Standard
629;1027;Serdar ozden;Corporate;Indépendant;Standard
630;1028;Emma Van Zant;Gift Store;Indépendant;Standard
631;1029;Veronika Necesana;Novelty Shop;Indépendant;Standard
632;1030;Chompoo Atitarn;Computer Store;Indépendant;Standard
633;1031;Dipti Shah;Gift Store;Indépendant;Standard
634;1032;Som Mukherjee;Novelty Shop;Indépendant;Standard
635;1033;Cuneyt Arslan;Supermarket;Indépendant;Standard
636;1034;Aishwarya Dantuluri;Novelty Shop;Indépendant;Standard
637;1035;Manjunatha Karnik;Computer Store;Indépendant;Standard
638;1036;Erik Malk;Computer Store;Indépendant;Standard
639;1037;David Jaramillo;Corporate;Indépendant;Standard
640;1038;Damodara Trivedi;Gift Store;Indépendant;Standard
641;1039;Bhaamini Palagummi;Gift Store;Indépendant;Standard
642;1040;Damodar Shenoy;Novelty Shop;Indépendant;Standard
643;1041;Tomo Vidovic;Supermarket;Indépendant;Standard
644;1042;Nguyen Banh;Novelty Shop;Indépendant;Standard
645;1043;Raj Verma;Corporate;Indépendant;Standard
646;1044;Hanita Nookala;Novelty Shop;Indépendant;Standard
647;1045;Matteo Cattaneo;Supermarket;Indépendant;Standard
648;1046;Christian Couet;Computer Store;Indépendant;Standard
649;1047;Ivana Hadrabova;Computer Store;Indépendant;Standard
650;1048;Abhra Ganguly;Gift Store;Indépendant;Standard
651;1049;Amet Shergill;Corporate;Indépendant;Standard
652;1050;Amrita Ganguly;Supermarket;Indépendant;Standard
653;1051;Sylvie Laramee;Gift Store;Indépendant;Standard
654;1052;Ian Olofsson;Supermarket;Indépendant;Standard
655;1053;Luis Saucedo;Computer Store;Indépendant;Standard
656;1054;Emma Salpa;Supermarket;Indépendant;Standard
657;1055;Adriana Pena;Computer Store;Indépendant;Standard
658;1056;Kalyani Benjaree;Corporate;Indépendant;Standard
659;1057;Ganesh Majumdar;Computer Store;Indépendant;Standard
660;1058;Jaroslav Fisar;Gift Store;Indépendant;Standard
661;1059;Jibek Juniskyzy;Supermarket;Indépendant;Standard
662;1060;Anand Mudaliyar;Corporate;Indépendant;Standard
663;1061;Agrita Abele;Computer Store;Indépendant;Standard
